{
    "speed": {
        "epoch": [
            1,
            2,
            3,
            4,
            5,
            6,
            7,
            8,
            9,
            10,
            11
        ],
        "loss": [
            0.19706323742866516,
            0.10086697340011597,
            0.07064787298440933,
            0.060743506997823715,
            0.05305829271674156,
            0.04554690420627594,
            0.041770271956920624,
            0.04439578577876091,
            0.03235561400651932,
            0.029161816462874413,
            0.025050533935427666
        ],
        "accuracy": [
            0.9164823293685913,
            0.9581489562988281,
            0.971423327922821,
            0.9765855669975281,
            0.9797197580337524,
            0.9839601516723633,
            0.983775794506073,
            0.9830383658409119,
            0.987463116645813,
            0.9894911646842957,
            0.99262535572052
        ],
        "val_loss": [
            0.10401245951652527,
            0.08970224112272263,
            0.09022542089223862,
            0.09657640755176544,
            0.09751858562231064,
            0.083004429936409,
            0.09595571458339691,
            0.08691293746232986,
            0.08310134708881378,
            0.08503062278032303,
            0.09121757000684738
        ],
        "val_accuracy": [
            0.9601770043373108,
            0.9653392434120178,
            0.9690265655517578,
            0.9668141603469849,
            0.969763994216919,
            0.9756637215614319,
            0.974926233291626,
            0.9734513163566589,
            0.976401150226593,
            0.9778761267662048,
            0.9778761267662048
        ],
        "precision": [
            0.9601905862127311,
            0.9656231714734866,
            0.9692804972736084,
            0.967035301871666,
            0.9702245474814495,
            0.9758434233937844,
            0.9750796186278938,
            0.9737215105942048,
            0.9764163283579064,
            0.9778809385572417,
            0.9780298561840773
        ],
        "recall": [
            0.9601769911504425,
            0.9653392330383481,
            0.9690265486725663,
            0.9668141592920354,
            0.9697640117994101,
            0.9756637168141593,
            0.9749262536873157,
            0.9734513274336283,
            0.976401179941003,
            0.9778761061946902,
            0.9778761061946902
        ],
        "f1_score": [
            0.9601754315127566,
            0.965329293723585,
            0.9690184591277773,
            0.9668063047406558,
            0.9697615944819081,
            0.9756638888735814,
            0.9749265809617154,
            0.9734508653991817,
            0.9764002557112633,
            0.977876394988208,
            0.9778763949662195
        ],
        "auroc": [
            0.960176944732666,
            0.9653392434120178,
            0.9690265655517578,
            0.9668141603469849,
            0.969763994216919,
            0.9756636619567871,
            0.974926233291626,
            0.9734513759613037,
            0.9764012098312378,
            0.9778761863708496,
            0.9778761863708496
        ],
        "Mean Absolute Error": [
            0.03982300884955752,
            0.03466076696165192,
            0.030973451327433628,
            0.033185840707964605,
            0.03023598820058997,
            0.024336283185840708,
            0.025073746312684365,
            0.02654867256637168,
            0.02359882005899705,
            0.022123893805309734,
            0.022123893805309734
        ],
        "Mean Squared Error": [
            0.03982300884955752,
            0.03466076696165192,
            0.030973451327433628,
            0.033185840707964605,
            0.03023598820058997,
            0.024336283185840708,
            0.025073746312684365,
            0.02654867256637168,
            0.02359882005899705,
            0.022123893805309734,
            0.022123893805309734
        ],
        "Root Mean Squared Error": [
            0.1995570315713218,
            0.18617402332670346,
            0.17599275930399416,
            0.1821698128339726,
            0.1738849855524909,
            0.1560009076442849,
            0.1583469175976734,
            0.1629376339780705,
            0.1536190745285137,
            0.1487410293271824,
            0.1487410293271824
        ],
        "R^2": [
            0.8406909830626476,
            0.8613421519248969,
            0.8760929868265036,
            0.8672424858855396,
            0.879043153806825,
            0.9026444896493957,
            0.8996943226690743,
            0.8937939887084317,
            0.905594656629717,
            0.9114949905903598,
            0.9114949905903598
        ],
        "Adjusted R^2": [
            0.8403374867232896,
            0.8610344791850854,
            0.8758180452292251,
            0.8669479056027413,
            0.8787747584380531,
            0.9024284641086769,
            0.8994717508998489,
            0.8935583244821931,
            0.9053851773175049,
            0.9112986037351609,
            0.9112986037351609
        ]
    },
    "angle": {
        "epoch": [
            1,
            2,
            3,
            4,
            5,
            6,
            7,
            8,
            9,
            10,
            11,
            12,
            13,
            14
        ],
        "loss": [
            2.93955397605896,
            2.3179144859313965,
            2.049168348312378,
            1.9366580247879028,
            1.8488821983337402,
            1.718972086906433,
            1.6125246286392212,
            1.5534226894378662,
            1.4678629636764526,
            1.3968576192855835,
            1.3658030033111572,
            1.371375560760498,
            1.235123634338379,
            1.2262818813323975
        ],
        "accuracy": [
            0.1262562870979309,
            0.2430904507637024,
            0.2977387011051178,
            0.33354270458221436,
            0.3542713522911072,
            0.3844221234321594,
            0.4440954625606537,
            0.44283920526504517,
            0.4748743772506714,
            0.49497488141059875,
            0.5125628113746643,
            0.5043969750404358,
            0.572236180305481,
            0.5584170818328857
        ],
        "val_loss": [
            3.7759087085723877,
            2.6117658615112305,
            2.217168092727661,
            2.1505331993103027,
            1.9477986097335815,
            1.9632261991500854,
            1.9686909914016724,
            1.9832500219345093,
            1.947647213935852,
            2.1386547088623047,
            2.000701665878296,
            2.1226682662963867,
            2.2384464740753174,
            2.1436164379119873
        ],
        "val_accuracy": [
            0.060453400015830994,
            0.19647355377674103,
            0.256926953792572,
            0.2795969843864441,
            0.29722923040390015,
            0.2896725535392761,
            0.26700252294540405,
            0.2745591998100281,
            0.2795969843864441,
            0.22670024633407593,
            0.2871536612510681,
            0.24685138463974,
            0.24685138463974,
            0.25944584608078003
        ],
        "precision": [
            0.06392455612213553,
            0.17844583410037554,
            0.2717780997950107,
            0.31503505958204386,
            0.3091905876467268,
            0.3257910203509569,
            0.2900360720653542,
            0.30814493833177303,
            0.3079581107542644,
            0.30445142067744935,
            0.27954609932559304,
            0.3330382180860029,
            0.2951640960451115,
            0.33729463795124
        ],