{
    "speed": {
        "epoch": [
            1,
            2,
            3,
            4,
            5,
            6,
            7,
            8,
            9,
            10,
            11,
            12,
            13
        ],
        "loss": [
            0.2240481972694397,
            0.10926492512226105,
            0.07634865492582321,
            0.0689915344119072,
            0.05352725088596344,
            0.048486579209566116,
            0.04906883463263512,
            0.03795614466071129,
            0.03211646154522896,
            0.028497735038399696,
            0.030082250013947487,
            0.024763643741607666,
            0.023069100454449654
        ],
        "accuracy": [
            0.903576672077179,
            0.9577802419662476,
            0.9730826020240784,
            0.9736356735229492,
            0.9802728891372681,
            0.9828540086746216,
            0.9821165204048157,
            0.9861725568771362,
            0.9882006049156189,
            0.9893068075180054,
            0.9887536764144897,
            0.9907817244529724,
            0.99262535572052
        ],
        "val_loss": [
            0.11918129026889801,
            0.09358479082584381,
            0.08468363434076309,
            0.08039955794811249,
            0.07737303525209427,
            0.07907797396183014,
            0.0755511224269867,
            0.07398813962936401,
            0.08390409499406815,
            0.08261393010616302,
            0.08580681681632996,
            0.0858309268951416,
            0.10119830071926117
        ],
        "val_accuracy": [
            0.9594395160675049,
            0.9638643264770508,
            0.9727138876914978,
            0.9705014824867249,
            0.9741888046264648,
            0.9734513163566589,
            0.976401150226593,
            0.9771386384963989,
            0.9756637215614319,
            0.974926233291626,
            0.9756637215614319,
            0.9734513163566589,
            0.9705014824867249
        ],
        "precision": [
            0.9594676032166022,
            0.9640278324458291,
            0.9727613649133338,
            0.9705014749262537,
            0.9742420880430904,
            0.9736588795784575,
            0.9765084123016887,
            0.977268071482039,
            0.9757508686304286,
            0.9749893521366712,
            0.9756741418065413,
            0.97355034184533,
            0.970756605639788
        ],
        "recall": [
            0.9594395280235988,
            0.9638643067846607,
            0.9727138643067846,
            0.9705014749262537,
            0.974188790560472,
            0.9734513274336283,
            0.976401179941003,
            0.9771386430678466,
            0.9756637168141593,
            0.9749262536873157,
            0.9756637168141593,
            0.9734513274336283,
            0.9705014749262537
        ],
        "f1_score": [
            0.959440520717301,
            0.9638574060338374,
            0.9727116823599552,
            0.9705014749262537,
            0.9741894784150457,
            0.9734513274336283,
            0.9764016933159607,
            0.9771390533651766,
            0.9756643124122406,
            0.9749238530483657,
            0.9756641536088906,
            0.9734478610969569,
            0.9704937705978832
        ],
        "auroc": [
            0.9594395160675049,
            0.9638643264770508,
            0.9727139472961426,
            0.9705014228820801,
            0.9741888046264648,
            0.9734513759613037,
            0.9764012098312378,
            0.9771386384963989,
            0.9756636619567871,
            0.974926233291626,
            0.9756636619567871,
            0.9734513759613037,
            0.9705014228820801
        ],
        "Mean Absolute Error": [
            0.04056047197640118,
            0.036135693215339236,
            0.02728613569321534,
            0.029498525073746312,
            0.025811209439528023,
            0.02654867256637168,
            0.02359882005899705,
            0.022861356932153392,
            0.024336283185840708,
            0.025073746312684365,
            0.024336283185840708,
            0.02654867256637168,
            0.029498525073746312
        ],
        "Mean Squared Error": [
            0.04056047197640118,
            0.036135693215339236,
            0.02728613569321534,
            0.029498525073746312,
            0.025811209439528023,
            0.02654867256637168,
            0.02359882005899705,
            0.022861356932153392,
            0.024336283185840708,
            0.025073746312684365,
            0.024336283185840708,
            0.02654867256637168,
            0.029498525073746312
        ],
        "Root Mean Squared Error": [
            0.20139630576651893,
            0.19009390630774894,
            0.16518515578954224,
            0.17175134664318156,
            0.160658673713958,
            0.1629376339780705,
            0.1536190745285137,
            0.15119972530449052,
            0.1560009076442849,
            0.1583469175976734,
            0.1560009076442849,
            0.1629376339780705,
            0.17175134664318156
        ],
        "R^2": [
            0.8377408160823262,
            0.8554418179642542,
            0.8908438217281104,
            0.8819933207871463,
            0.896744155688753,
            0.8937939887084317,
            0.905594656629717,
            0.9085448236100384,
            0.9026444896493957,
            0.8996943226690743,
            0.9026444896493957,
            0.8937939887084317,
            0.8819933207871463
        ],
        "Adjusted R^2": [
            0.8373807735144615,
            0.8551210527674293,
            0.890601611273365,
            0.8817314716468811,
            0.8965150376910209,
            0.8935583244821931,
            0.9053851773175049,
            0.9083418905263329,
            0.9024284641086769,
            0.8994717508998489,
            0.9024284641086769,
            0.8935583244821931,
            0.8817314716468811
        ]
    },
    "angle": {
        "epoch": [
            1,
            2,
            3,
            4,
            5,
            6,
            7,
            8,
            9,
            10,
            11,
            12,
            13,
            14,
            15
        ],
        "loss": [
            2.9877915382385254,
            2.3581764698028564,
            2.0740137100219727,
            1.9678014516830444,
            1.7617706060409546,
            1.7053488492965698,
            1.6334850788116455,
            1.5441855192184448,
            1.485421895980835,
            1.424065113067627,
            1.4158753156661987,
            1.338224172592163,
            1.31034517288208,
            1.303537368774414,
            1.2979077100753784
        ],
        "accuracy": [
            0.125,
            0.2374371886253357,
            0.2939698398113251,
            0.31407034397125244,
            0.3775125741958618,
            0.3775125741958618,
            0.4089196026325226,
            0.44158291816711426,
            0.47801506519317627,
            0.49497488141059875,
            0.5050251483917236,
            0.5175879597663879,
            0.5207286477088928,
            0.5376884341239929,
            0.5295225977897644
        ],
        "val_loss": [
            2.832498550415039,
            2.4723212718963623,
            2.2661893367767334,
            2.0335934162139893,
            2.014577627182007,
            2.0027360916137695,
            2.0376012325286865,
            2.0214502811431885,
            2.062044382095337,
            1.9477825164794922,
            2.0162553787231445,
            2.1561577320098877,
            2.1435341835021973,
            2.238218307495117,
            2.4925224781036377
        ],