{"botanicals": {"inertia": [1842.6752817329102, 1751.5328187722607, 1676.7887743696017, 1634.7896748793614, 1582.169871383205, 1559.0856516609922, 1520.7925808334269, 1507.9890568895578, 1478.7302832237813, 1452.7855089208326, 1439.9231017564014, 1422.4971080918729, 1402.7709947097303, 1390.8810988981345, 1367.8531271708528, 1350.1780023843542, 1330.5182482757957], "silhouette_scores": [0.277437117267354, 0.27354965832333766, 0.2272888853081353, 0.21776248246156787, 0.17683153829122197, 0.1667472459283489, 0.1744297283369378, 0.18202553959218834, 0.15708544391678836, 0.1425413479949204, 0.1632920711294844, 0.16657542688672577, 0.0888735673866783, 0.14038099364842435, 0.14448962262355255, 0.13521089433744896, 0.149696188948164], "davies_bouldin_scores": [1.9719890985670723, 1.515679321432391, 2.2467116827108238, 2.140157171480402, 2.221985545771271, 2.089300120653696, 2.198991894677674, 2.2430334373306273, 2.069760502842388, 2.179741996911041, 1.8695819569319243, 1.9949703086410548, 2.050216940571244, 2.104214467764413, 1.8530601695033244, 1.894142272689501, 1.8482270274805435]}, "compounds": {"inertia": [79888790911518.34, 37806603284835.04, 27281442820392.297, 19547343499060.688, 12284189375492.43, 9482966103280.992, 6723094322204.961, 5441515088238.474, 4390090374555.0347, 3708437768033.3257, 3236841252826.443, 2914239183362.2715, 2644235864101.04, 2401676026277.2617, 2197836710877.3293, 1973134786891.4995, 1828577350628.2039], "silhouette_scores": [0.9863023136349988, 0.9591017794986424, 0.9567911052328059, 0.8005375765262754, 0.8027940786316851, 0.8072732760939847, 0.8077618996437437, 0.5932710394598485, 0.5953155905661064, 0.5866915039698464, 0.5951927051218502, 0.5802433124608333, 0.5936555843466483, 0.5747952265412624, 0.5572400713443484, 0.5669353050440311, 0.5275143476745386], "davies_bouldin_scores": [0.16132659129097068, 0.4458796030463841, 0.3256664009935097, 0.5438478937750452, 0.46918736945709755, 0.4623401558902683, 0.3446206522550809, 0.44647087719353457, 0.42362226215059856, 0.4863254676040606, 0.4688367600472264, 0.5438042014164448, 0.5054998221704632, 0.5130067256592956, 0.5605772283055742, 0.5676115701204043, 0.5898423986805237]}}