{"botanicals": {"silhouette_scores": [0.22061998634116428, 0.2238426523900994, 0.2170129796365496, 0.13254640157935055, 0.14157066611401997, 0.14815324391543766, 0.15386696301381966, 0.15572910080450245, 0.1630155581611083, 0.16670764124189813, 0.12157909848010125, 0.1241253048626036, 0.12929254536969267, 0.1298832256699654, 0.13572666218213356, 0.13831214493336952, 0.14052334004538536], "davies_bouldin_scores": [2.1980419061698426, 1.59156942800961, 2.06533442746227, 2.37859161014121, 2.465475696504005, 2.6148659358232407, 2.5003414925703407, 2.329684695539856, 2.1393876167568946, 2.2379261763427163, 2.2657837881027496, 2.2605410596933213, 2.268566387194942, 2.1402778987682023, 2.075879955667754, 1.933530222895611, 1.963555950300691]}, "compounds": {"silhouette_scores": [0.9863023136349988, 0.9591017794986424, 0.9567911052328059, 0.8055394853178808, 0.8057176079225618, 0.8147485519143568, 0.8137594839532662, 0.5705569007873237, 0.5746351786772721, 0.5767906126716998, 0.5829319074782064, 0.5852350965195526, 0.5867386763645948, 0.5706276638042617, 0.5723109334717701, 0.5730117913561537, 0.5620611915157305], "davies_bouldin_scores": [0.16132659129097068, 0.4458796030463841, 0.3256664009935097, 0.5493134478490641, 0.475171974914971, 0.47644233714208334, 0.3229415823167998, 0.4466263935573323, 0.4176389981676764, 0.5184461821364269, 0.493984440252754, 0.49581679416534385, 0.49216551930961533, 0.5814412267589204, 0.5587425103749285, 0.5220611724708641, 0.5716356037558636]}}