{"tf-idf": {"silhouette_scores": [0.005051144661857228, -0.00025541138309564764, 0.004695954953088689, 0.009461071724213774, 0.013733726485040823, 0.015640678271858895, 0.019280979646701356, 0.020824570508819175, 0.02567116046429418, 0.032758591735116555, 0.0389716203253407, 0.04344371897056809, 0.036918938104736426, 0.04235580424872488, 0.048843905201564425, 0.05398393828087505, 0.05881106839080637], "davies_bouldin_scores": [3.0096253934218615, 3.8538945980379844, 4.517171306678952, 4.432111823824709, 3.9317378107266077, 3.6004984632907866, 3.593822237276029, 3.3949986479805028, 3.2113120259229264, 3.1713645863191773, 3.3819109505991167, 3.2568023233220575, 3.1376994107867056, 3.2275653579390475, 3.0722668494587837, 3.0354103921603754, 2.9978444273883085]}, "bow": {"silhouette_scores": [0.05392986017605852, 0.014047224929329442, 0.023139150839582085, 0.02957145673011716, 0.034358949565849305, 0.032714406930679195, 0.03467691698482758, 0.04116924064340663, 0.04352563017580846, 0.03759984480937413, 0.044261824401249185, 0.049510894306736136, 0.051531204880572744, 0.05409142015388447, 0.058944804831712605, 0.05950117526308423, 0.062111814349139725], "davies_bouldin_scores": [4.042829053556515, 3.755003568222327, 4.017337186876258, 3.6463637558452744, 3.3887556569813175, 3.1899195454611293, 3.0539250715415203, 3.0480653081352775, 3.0054204713048667, 2.948524151831457, 2.884965856153409, 2.7462039852231324, 2.731601466322389, 2.666783227643305, 2.6357801293328404, 2.621789132548088, 2.5838031011118385]}, "mean_vector": {"silhouette_scores": [0.5390207435537007, 0.12394865392928786, 0.12640830695969335, 0.08869847513720429, 0.07326125184428534, 0.08047202396899063, 0.08890129557229785, 0.07413350128263646, 0.08111281647676771, 0.08305934607777309, 0.08808190753467093, 0.09377000386048087, 0.0996968340066271, 0.10430395517492379, 0.10326015117483499, 0.1064077163369466, 0.09450733109258068], "davies_bouldin_scores": [0.8746517343277999, 1.9765020208393114, 1.983028161666347, 2.1940583131122473, 2.3851144439181895, 2.151144414132291, 1.9249095311702529, 2.0538043467095926, 2.0951022515292235, 2.062398513342138, 2.022374394486933, 1.9928213967847503, 1.8915423275197703, 1.863957471234167, 1.8709215541605388, 1.8673255222213678, 1.9794673046207103]}}