{"tf-idf": {"silhouette_scores": [-0.02730744733334368, -0.02730744733334368, -0.02730744733334368, -0.02730744733334368, -0.02730744733334368, -0.018166656633500453, -0.05955750870121315, -0.022416604674124572, -0.01380279772628354, 0.020818024057178867, 0.029414218477679888, 0.05106205695532703, 0.05106205695532703, 0.05106205695532703], "davies_bouldin_scores": [1.0565886784166623, 1.0565886784166623, 1.0565886784166623, 1.0565886784166623, 1.0565886784166623, 1.3143502141274228, 1.5328822004479739, 2.0088722934142464, 2.8296913422030507, 8.175768781227143, 4.085017725783958, 0.9087314868398452, 0.9087314868398452, 0.9087314868398452]}, "bow": {"silhouette_scores": [-0.18973323668334022, -0.18973323668334022, -0.18973323668334022, -0.18973323668334022, -0.18973323668334022, -0.18973323668334022, -0.18973323668334022, -0.18973323668334022, -0.18973323668334022, -0.13908034818088297, -0.13908034818088297, -0.13908034818088297, -0.13908034818088297, -0.13908034818088297], "davies_bouldin_scores": [1.668471324591908, 1.668471324591908, 1.668471324591908, 1.668471324591908, 1.668471324591908, 1.668471324591908, 1.668471324591908, 1.668471324591908, 1.668471324591908, 3.4115980413868288, 3.4115980413868288, 3.4115980413868288, 3.4115980413868288, 3.4115980413868288]}, "mean_vector": {"silhouette_scores": [0.4976071126947506, 0.4976071126947506, 0.4976071126947506, 0.4976071126947506, 0.4976071126947506, 0.4976071126947506, 0.4976071126947506, 0.4976071126947506, 0.4976071126947506, -0.17803070470103885, -0.1696284499870264, -0.09826569123159587, 0.12519217331911126, 0.1786899321638583], "davies_bouldin_scores": [0.37291344635088, 0.37291344635088, 0.37291344635088, 0.37291344635088, 0.37291344635088, 0.37291344635088, 0.37291344635088, 0.37291344635088, 0.37291344635088, 1.464888783000638, 1.9747444080457424, 1.9781824638873293, 1.820299468382246, 1.7408992008525734]}}