{"tf-idf": {"inertia": [393.2218689745839, 381.17424142614755, 372.84186492058654, 363.62372041333674, 356.0738604519032, 349.087337346426, 342.8809444987315, 336.97899486849303, 330.9004589077945, 325.62351492718705, 320.76256808606456, 316.5075113265015, 312.8608622217402, 306.7570562927063, 302.9690175509907, 299.3723147794122, 295.55393544288637], "silhouette_scores": [0.03503912190606213, 0.04316440891124012, 0.04724185591499238, 0.05349601471275677, 0.05346618275451456, 0.05568187007313266, 0.06364198275238271, 0.06703271206596316, 0.07018696655300811, 0.0730480384855174, 0.07426692442344851, 0.0793863487343934, 0.08069003463401979, 0.085693231501647, 0.08931922446618597, 0.09021444597344684, 0.08780394557581063], "davies_bouldin_scores": [4.322154441431233, 4.071712758063165, 4.0758291652101715, 4.036243989786391, 3.8338072705734128, 3.7098092878066913, 3.500113558802431, 3.4428962803096756, 3.312377751282532, 3.2178437603176113, 3.118200113921865, 3.0268334082258916, 2.9384767112451153, 2.874624116305915, 2.7967490407414073, 2.7507740640293465, 2.7502750684060997]}, "bow": {"inertia": [1451.668396820571, 1373.7416436365254, 1330.2168294565954, 1293.9216818841192, 1267.4725006627364, 1240.2028348659942, 1215.9335325472146, 1202.8533581798843, 1182.1336418072972, 1171.242314333452, 1154.8237844063406, 1139.5178589600935, 1128.927592605855, 1114.0428768204922, 1100.4496836706405, 1096.7296305909833, 1080.06740317637], "silhouette_scores": [0.0781069915753363, 0.07472762519713534, 0.06978383648953138, 0.06889291334723413, 0.06709877350436633, 0.07053456853793169, 0.06626536300215924, 0.06681104621649882, 0.07034919592197257, 0.068907320720985, 0.06850279369542531, 0.06729449965710628, 0.06868560964264853, 0.0736347318835333, 0.07387667908525741, 0.07668781442013216, 0.07381786774711463], "davies_bouldin_scores": [3.3701645487888894, 3.1895111906653137, 3.0591986292119357, 2.9765523928168, 2.922147078098893, 2.864858364922067, 2.866534170955152, 2.7568299174152364, 2.7605171883671678, 2.7255879634119795, 2.6206496120009724, 2.678242732662021, 2.526078259129434, 2.5221488630394573, 2.4162148454884655, 2.4416072857165125, 2.4332034916570557]}, "mean_vector": {"inertia": [1395.7309809237634, 1211.2851698692714, 1072.47352592834, 1022.3071118545979, 984.8710339446187, 948.4265116768551, 916.0088069597043, 888.7718361738682, 859.2540571442203, 839.5203976835224, 817.7508423716392, 804.7793463305966, 784.845754230939, 770.3752859213917, 754.9126565407792, 748.4352715227376, 731.2717894908895], "silhouette_scores": [0.36527049170411063, 0.22088874384268106, 0.15013022409079263, 0.11121167524862338, 0.10472309794249313, 0.10074390208742576, 0.09986335379686408, 0.10241079997242972, 0.11440021931642759, 0.10276354116409336, 0.10609591642867905, 0.10514528366390333, 0.10233806921099282, 0.11175319025188925, 0.10632664597498666, 0.10444703572041339, 0.10890678572873652], "davies_bouldin_scores": [1.5265078259941187, 1.856632957142741, 1.7723079429123825, 2.0174761427461014, 1.9812580201465728, 2.0618423975897198, 1.9618324834369927, 2.0146352343224394, 1.8970365270421172, 1.930794912287348, 2.03505464878362, 1.968620576019247, 1.988402609673574, 1.951262260168449, 1.9249535173919246, 1.9390122272334498, 1.9447237855762258]}}