{"Coffee (F)": {"very_strong": [[1.0, "Coffee"]], "strong": [], "medium": []}, "Nutty (F)": {"very_strong": [[0.7731844590072116, "Coconut"]], "strong": [], "medium": [[0.25301648658554104, "Hazelnut"], [0.445587358857795, "Walnut"], [0.44272122345005194, "Tarragon"], [0.312481476931506, "Celery"]]}, "Mixed Fruit (F)": {"very_strong": [], "strong": [], "medium": [[0.4063917629243692, "Matcha Green Tea"]]}, "Cacao (F)": {"very_strong": [], "strong": [[0.6808906066570957, "Cacao"]], "medium": [[0.24497626208258905, "Macadamia "], [0.24497626208258894, "Coffee"], [0.35130041022096103, "Jaffa Cakes"]]}, "Herbal (F)": {"very_strong": [], "strong": [], "medium": [[0.2256067450733047, "Lemongrass"], [0.3882901373576604, "Marjoram"], [0.27431332669160297, "Dill Seed"], [0.27431332669160297, "Yellow Mustard Seed"], [0.274313326691603, "Bee Pollen"]]}, "Herbaceous (F)": {"very_strong": [], "strong": [], "medium": [[0.21971768720102053, "Vetiver"], [0.2601647511883299, "Hay"], [0.3812547589956493, "Dulse Seaweed"], [0.26016475118833, "Seaweed"], [0.3812547589956492, "Spearmint"], [0.21971768720102053, "Nettle"], [0.23794748352792788, "Winter Savoury"], [0.2046889385959013, "Tea"], [0.2197176872010206, "Earl Grey Tea"], [0.21971768720102033, "Watercress"], [0.21971768720102053, "Gentian"], [-0.23794748352792788, "Juniper"], [0.21971768720102056, "Hemp"], [0.3812547589956492, "Peas"], [0.21971768720102056, "Aloe"]]}, "Stone Fruit (F)": {"very_strong": [], "strong": [[0.5561602890637558, "Sloe"]], "medium": [[0.29597855629272185, "Plum"], [0.36282821275664423, "Damson"], [0.23686521059207355, "Peach"], [0.20909844107435627, "Apricot"]]}, "Rhubarb (F)": {"very_strong": [[0.9327681904820422, "Rhubarb"]], "strong": [], "medium": []}, "Sweet (F)": {"very_strong": [], "strong": [], "medium": [[0.21618273907337618, "Cream"]]}, "Tropical Fruit (F)": {"very_strong": [], "strong": [], "medium": [[0.3467255099282039, "Passion Fruit"], [0.3467255099282038, "Watermelon"], [0.40072926222805305, "Pineapple"], [0.26090954548599915, "Mango"], [0.3546739133950301, "Pomegranate"]]}, "Black Fruit (F)": {"very_strong": [], "strong": [], "medium": [[0.25750010709174315, "Blueberry"], [0.3820033810588405, "Blackberry"], [0.42264175069946375, "Blackcurrant"]]}, "Aged (F)": {"very_strong": [], "strong": [], "medium": [[0.22989128663278158, "Galangal"]]}, "Green Fruit (F)": {"very_strong": [], "strong": [], "medium": [[0.3329347316410853, "Yarrow"], [0.3002424871631796, "Caraway"], [0.3971159675102653, "Apple"], [0.3329347316410853, "Pear"], [0.2745538347799754, "Quince"], [0.39418035372213095, "Cucumber"]]}, "Floral (F)": {"very_strong": [], "strong": [], "medium": [[0.41541942770054335, "Rose"], [0.22016148230821841, "Elderflower"], [0.3902595437165392, "Violet"], [0.2130040957511888, "Butterfly Pea Flower"], [0.239089003389012, "Yarrow"], [0.21300409575118892, "Caraway"], [0.21554480881667754, "Elderberry"]]}, "Spice (F)": {"very_strong": [], "strong": [], "medium": [[0.3435380584221188, "Ginger"], [0.21077347666311186, "Rhubarb"]]}, "Citrus Fruit (F)": {"very_strong": [], "strong": [], "medium": [[0.2640044595490605, "Blood Orange"], [0.21789188872401608, "Pink Grapefruit"]]}, "Red Fruit (F)": {"very_strong": [], "strong": [[0.5571214015775906, "Strawberry"], [0.5577352061175186, "Raspberry"]], "medium": []}, "Misc. (F)": {"very_strong": [], "strong": [], "medium": []}, "LD (F)": {"very_strong": [], "strong": [], "medium": [[0.2014287809597263, "Cubeb "]]}}