{"botanicals": {"silhouette_scores": [-0.09649687637183493, -0.09649687637183493, -0.09649687637183493, -0.09649687637183493, -0.09649687637183493, -0.09649687637183493, -0.09649687637183493, -0.09649687637183493, -0.09649687637183493, 0.0484822205314263, 0.0484822205314263, 0.0484822205314263, 0.0484822205314263, 0.0484822205314263, 0.17779365257334412, 0.17779365257334412, 0.17779365257334412, 0.19994464083968627, 0.19994464083968627], "davies_bouldin_scores": [1.8306314875827407, 1.8306314875827407, 1.8306314875827407, 1.8306314875827407, 1.8306314875827407, 1.8306314875827407, 1.8306314875827407, 1.8306314875827407, 1.8306314875827407, 2.698518710365107, 2.698518710365107, 2.698518710365107, 2.698518710365107, 2.698518710365107, 2.6256221194712768, 2.6256221194712768, 2.6256221194712768, 3.1702404853331267, 3.1702404853331267]}, "compounds": {"silhouette_scores": [-0.044260093246629044, -0.04764091474634258, -0.047209501386982745, -0.045214593096173226, -0.04945117218686908, -0.04608881500391031, -0.043438198606497516, -0.0426394842255852, -0.038577672074205746, -0.036063369230118505, -0.03373922716783505, -0.03370551278418041, -0.031524039182734886, -0.03516146864809477, -0.03413402448604541, -0.02683494298526929, -0.027838075291873737, -0.027823286989002823, -0.027051056602364072, -0.024300604500085306, -0.024300604500085306, -0.024300604500085306, -0.024210928457967823, -0.023660387137305183, -0.023268365147759422, -0.023002126062407636, -0.02178100966885787, -0.02115275753762717, -0.02115275753762717, -0.0188994447626726, -0.018861480683636304, -0.01799144097298745, -0.018458031420748353, -0.018458031420748353, -0.017930623208835667, -0.01749377725458017, -0.01749377725458017, -0.017401809664545284, -0.017116371126138168, -0.017116371126138168, -0.029858354283757074, -0.01464587212246532, -0.014552933060853281, -0.013058950122090409, -0.08798624844405939, -0.009882942368501985, -0.009882942368501985, -0.009882942368501985, -0.014791507827784782, -0.014666799288608727, -0.014013634036472794, -0.01366476226369372, -0.026867136453518747, -0.026446408814324283, -0.00583985698958062, -0.00583985698958062, -0.005710764510374222, -0.005392765528955988, -0.002068955390432277, -0.0020894088686426123, -0.002049176312694035, -0.002049176312694035, -0.0020118851953500163, -0.0018847509073420885, -0.0017263071187767001, -0.0017263071187767001, -0.0017789300970708645, -0.0017789300970708645, -0.0013598251710624008, -0.0011721806695058332, -0.0012235907266721837, -0.001320057645841645, -0.0012740394323194836, -0.0008850967507260307, -0.0007910954009407553, -0.0007910954009407553, -0.0005612074883510105, -0.0004349611696262927, -0.0004349611696262927, -0.0004334771283445841, -0.00037134036766792205, -0.0003431231957979637, -0.000178424300233072, -6.734402840499432e-05, 0.00011131605688228873, 0.00011131605688228873, 0.00011303547893609073, 0.00011608861490420816, 0.00011608861490420816, 0.00019871792712874197], "davies_bouldin_scores": [6.870145173269269, 6.8147096137860705, 6.987452266086985, 7.277012003628413, 6.910916155945239, 7.105947534824107, 7.359331437703801, 7.6466220256112365, 8.27644578767716, 8.230318353439863, 8.717684554919128, 8.593863205177527, 9.061162907303437, 7.645897369754639, 7.863564394482592, 10.022209070769264, 9.87718786929988, 9.61698624448776, 9.824192515229466, 10.382601785751708, 10.382601785751708, 10.382601785751708, 10.509879827893805, 11.076933786002954, 11.16732778699615, 11.082698125591174, 12.004286566187758, 11.990386609691678, 11.990386609691678, 12.38389980127494, 12.156626116412703, 13.3761942769755, 13.149124906651322, 13.149124906651322, 12.764602330686547, 12.916051368011349, 12.916051368011349, 13.041087170861454, 12.721614769017833, 12.721614769017833, 10.041090447187921, 13.525140745348853, 13.324027770472133, 12.693883089761071, 10.157479083345871, 13.978077515868206, 13.978077515868206, 13.978077515868206, 10.476897567112097, 10.297740040828783, 10.640981549998378, 10.75513552748527, 9.285890669995563, 9.381858070082163, 16.603087668383054, 16.603087668383054, 16.53809518596021, 16.81805559571597, 19.005968819809624, 18.513447390842266, 17.87152152118279, 17.87152152118279, 17.63384657992453, 17.634125030511576, 18.59665399585934, 18.59665399585934, 18.317735426898967, 18.317735426898967, 19.1216989253603, 19.437342773202893, 19.203007694413014, 19.221948035851163, 19.28336043216776, 18.689539199276318, 18.899137032901066, 18.899137032901066, 19.642876622682177, 19.198528494359714, 19.198528494359714, 19.830763487600617, 20.21022727594678, 20.287322852120056, 20.42379658167644, 20.62467878948936, 20.596323101635434, 20.596323101635434, 21.004417181326048, 21.45334407574327, 21.45334407574327, 21.193774752968466]}}