{
    "epoch": [
        1,
        2,
        3,
        4,
        5,
        6,
        7,
        8,
        9,
        10,
        11,
        12,
        13,
        14
    ],
    "loss": [
        2.950727701187134,
        2.2987732887268066,
        2.062706470489502,
        1.9020928144454956,
        1.7747565507888794,
        1.6904038190841675,
        1.6277440786361694,
        1.5700364112854004,
        1.4906079769134521,
        1.4250370264053345,
        1.4112451076507568,
        1.3517438173294067,
        1.3081492185592651,
        1.2652888298034668
    ],
    "accuracy": [
        0.13316583633422852,
        0.25062814354896545,
        0.3002512454986572,
        0.33605527877807617,
        0.3888190984725952,
        0.39258792996406555,
        0.4183416962623596,
        0.436557799577713,
        0.47989949584007263,
        0.49371859431266785,
        0.5094221234321594,
        0.5219849348068237,
        0.5263819098472595,
        0.5502512454986572
    ],
    "val_loss": [
        3.0523386001586914,
        2.4762535095214844,
        2.170290470123291,
        2.0505123138427734,
        2.0151050090789795,
        1.9756522178649902,
        1.9707138538360596,
        2.002424716949463,
        1.9620505571365356,
        2.0057289600372314,
        2.0318219661712646,
        2.0694527626037598,
        2.168436288833618,
        2.0581018924713135
    ],
    "val_accuracy": [
        0.07808564603328705,
        0.16120906174182892,
        0.23677581548690796,
        0.26700252294540405,
        0.2846347689628601,
        0.26448363065719604,
        0.2821158766746521,
        0.2745591998100281,
        0.2821158766746521,
        0.30226701498031616,
        0.25944584608078003,
        0.2795969843864441,
        0.27204030752182007,
        0.30226701498031616
    ],
    "precision": [
        0.06461897935918257,
        0.201974123207824,
        0.2721642570726824,
        0.2966728180111295,
        0.2937616605852056,
        0.2579123005193534,
        0.31323307623697155,
        0.3139627891971593,
        0.30886779402403125,
        0.3284091922741685,
        0.28599309746055934,
        0.3062730660247753,
        0.33640629328924687,
        0.3260744312299217
    ],
    "recall": [
        0.07808564231738035,
        0.16120906801007556,
        0.2367758186397985,
        0.26700251889168763,
        0.28463476070528965,
        0.26448362720403024,
        0.28211586901763225,
        0.27455919395465994,
        0.28211586901763225,
        0.3022670025188917,
        0.2594458438287154,
        0.2795969773299748,
        0.27204030226700254,
        0.3022670025188917
    ],
    "f1_score": [
        0.04638586897652143,
        0.13798596432951227,
        0.2057074195060631,
        0.25057927426890314,
        0.2621147607499187,
        0.24377844429326773,
        0.27617709975159727,
        0.24427786884690553,
        0.2698843870062605,
        0.283291944265407,
        0.2478257262409638,
        0.2531770738345736,
        0.2410943360321431,
        0.2841383242305449
    ],
    "auroc": [
        null,
        null,
        null,
        null,
        null,
        null,
        null,
        null,
        null,
        null,
        null,
        null,
        null,
        null
    ],
    "Mean Absolute Error": [
        3.526448362720403,
        2.4508816120906802,
        1.9496221662468514,
        1.6397984886649875,
        1.707808564231738,
        1.6272040302267003,
        1.6649874055415617,
        1.6423173803526447,
        1.685138539042821,
        1.5818639798488665,
        1.7934508816120907,
        1.7984886649874054,
        1.8438287153652393,
        1.584382871536524
    ],
    "Mean Squared Error": [
        21.405541561712845,
        12.753148614609572,
        9.566750629722922,
        7.110831234256927,
        8.01007556675063,
        7.133501259445844,
        7.418136020151134,
        6.513853904282116,
        7.609571788413098,
        7.057934508816121,
        8.816120906801007,
        8.624685138539043,
        8.57934508816121,
        7.105793450881612
    ],
    "Root Mean Squared Error": [
        4.6266123202309535,
        3.5711550812880657,
        3.0930164289448774,
        2.6666141892401547,
        2.8302076896847392,
        2.670861520080336,
        2.7236255286201025,
        2.552225284782305,
        2.758545230445406,
        2.6566773437540587,
        2.969195329849656,
        2.936781425053462,
        2.9290519094343836,
        2.6656694189043044
    ],
    "R^2": [
        -0.25211029031894094,
        0.25400866087493545,
        0.44039598933498025,
        0.5840542069227618,
        0.5314531980213895,
        0.5827281310681054,
        0.5660785120040855,
        0.6189742044287148,
        0.55488053812032,
        0.5871483839169602,
        0.48430383430027146,
        0.495501808184037,
        0.4981539598933499,
        0.5843488904460188
    ],
    "Adjusted R^2": [
        -0.2616683841381695,
        0.24831407049993492,
        0.4361242029940259,
        0.5808790481969813,
        0.5278765048765146,
        0.5795428496258772,
        0.5627661342331244,
        0.616065610569392,
        0.5514826796326888,
        0.5839968448628913,
        0.48036722234836515,
        0.4916506769488007,
        0.49432307409100906,
        0.5811759812127824
    ]
}