{
    "epoch": [
        1,
        2,
        3,
        4,
        5,
        6
    ],
    "loss": [
        2.226963996887207,
        2.0208206176757812,
        1.9388701915740967,
        1.8243905305862427,
        1.8117235898971558,
        1.676880955696106
    ],
    "accuracy": [
        0.30276381969451904,
        0.3190954625606537,
        0.356783926486969,
        0.3636934757232666,
        0.3900753855705261,
        0.4101758897304535
    ],
    "val_loss": [
        1.265053153038025,
        1.3140227794647217,
        1.3629146814346313,
        1.4014403820037842,
        1.4284461736679077,
        1.4398432970046997
    ],
    "val_accuracy": [
        0.5818639993667603,
        0.5692695379257202,
        0.5340050458908081,
        0.5264483690261841,
        0.496221661567688,
        0.4685138463973999
    ],
    "precision": [
        0.31690941217457225,
        0.3079776857208376,
        0.31877567624393094,
        0.33956335333067944,
        0.3559236844480794,
        0.35165553343290756
    ],
    "recall": [
        0.2972292191435768,
        0.2972292191435768,
        0.3047858942065491,
        0.3249370277078086,
        0.33249370277078083,
        0.34005037783375314
    ],
    "f1_score": [
        0.278546646031586,
        0.2768032735919291,
        0.28652006702528326,
        0.3046673933376354,
        0.31817771282735197,
        0.3322141366008803
    ],
    "auroc": [
        null,
        null,
        null,
        null,
        null,
        null
    ],
    "Mean Absolute Error": [
        1.619647355163728,
        1.619647355163728,
        1.5768261964735517,
        1.544080604534005,
        1.5390428211586902,
        1.4886649874055415
    ],
    "Mean Squared Error": [
        7.267002518891688,
        6.959697732997481,
        6.4534005037783375,
        6.430730478589421,
        6.6120906801007555,
        6.269521410579345
    ],
    "Root Mean Squared Error": [
        2.6957378431315773,
        2.6381239040267763,
        2.5403544051526232,
        2.535888498847972,
        2.571398584447918,
        2.503901238183995
    ],
    "R^2": [
        0.5749190177017951,
        0.5928947126204714,
        0.6225104067077987,
        0.6238364825624552,
        0.6132278757252037,
        0.6332663553066787
    ],
    "Adjusted R^2": [
        0.5716741247071523,
        0.5897870386710093,
        0.6196288067590032,
        0.6209650053301075,
        0.6102754167612738,
        0.6304668618357374
    ]
}