{
    "epoch": [
        1,
        2,
        3,
        4,
        5,
        6,
        7,
        8,
        9,
        10,
        11
    ],
    "loss": [
        0.24575413763523102,
        0.11475356668233871,
        0.07866284996271133,
        0.06711068749427795,
        0.05888177081942558,
        0.05180446058511734,
        0.04763374850153923,
        0.04086364060640335,
        0.03629506751894951,
        0.0314556322991848,
        0.02616802230477333
    ],
    "accuracy": [
        0.8941740393638611,
        0.9553834795951843,
        0.971238911151886,
        0.9741888046264648,
        0.9778761267662048,
        0.9802728891372681,
        0.9834070801734924,
        0.9846976399421692,
        0.98525071144104,
        0.9878318309783936,
        0.9917035102844238
    ],
    "val_loss": [
        0.11823559552431107,
        0.100550077855587,
        0.08869058638811111,
        0.09210658073425293,
        0.09323785454034805,
        0.07845000177621841,
        0.08461858332157135,
        0.07878902554512024,
        0.08136829733848572,
        0.08485499769449234,
        0.08295377343893051
    ],
    "val_accuracy": [
        0.9557521939277649,
        0.9638643264770508,
        0.9690265655517578,
        0.9682890772819519,
        0.9690265655517578,
        0.9727138876914978,
        0.9741888046264648,
        0.9734513163566589,
        0.9741888046264648,
        0.9778761267662048,
        0.9771386384963989
    ],
    "precision": [
        0.9557575260629432,
        0.9642985020611684,
        0.9690604628446748,
        0.968407122028956,
        0.9692953454885334,
        0.972951507715942,
        0.974199254056981,
        0.9735583672766107,
        0.9742165448941267,
        0.9778761061946902,
        0.9771663332296316
    ],
    "recall": [
        0.9557522123893806,
        0.9638643067846607,
        0.9690265486725663,
        0.9682890855457227,
        0.9690265486725663,
        0.9727138643067846,
        0.974188790560472,
        0.9734513274336283,
        0.974188790560472,
        0.9778761061946902,
        0.9771386430678466
    ],
    "f1_score": [
        0.955752789976416,
        0.9638498525939032,
        0.9690245268364279,
        0.9682843412721316,
        0.9690260096323786,
        0.9727136417124275,
        0.9741892538276113,
        0.9734519049804559,
        0.9741894222746462,
        0.9778761061946902,
        0.9771392025861151
    ],
    "auroc": [
        0.9557521939277649,
        0.9638643264770508,
        0.9690265655517578,
        0.9682890772819519,
        0.9690265655517578,
        0.9727139472961426,
        0.9741888046264648,
        0.9734513759613037,
        0.9741888046264648,
        0.9778761863708496,
        0.9771386384963989
    ],
    "Mean Absolute Error": [
        0.04424778761061947,
        0.036135693215339236,
        0.030973451327433628,
        0.03171091445427729,
        0.030973451327433628,
        0.02728613569321534,
        0.025811209439528023,
        0.02654867256637168,
        0.025811209439528023,
        0.022123893805309734,
        0.022861356932153392
    ],
    "Mean Squared Error": [
        0.04424778761061947,
        0.036135693215339236,
        0.030973451327433628,
        0.03171091445427729,
        0.030973451327433628,
        0.02728613569321534,
        0.025811209439528023,
        0.02654867256637168,
        0.025811209439528023,
        0.022123893805309734,
        0.022861356932153392
    ],
    "Root Mean Squared Error": [
        0.21035158095583562,
        0.19009390630774894,
        0.17599275930399416,
        0.1780755863510697,
        0.17599275930399416,
        0.16518515578954224,
        0.160658673713958,
        0.1629376339780705,
        0.160658673713958,
        0.1487410293271824,
        0.15119972530449052
    ],
    "R^2": [
        0.8229899811807195,
        0.8554418179642542,
        0.8760929868265036,
        0.8731428198461824,
        0.8760929868265036,
        0.8908438217281104,
        0.896744155688753,
        0.8937939887084317,
        0.896744155688753,
        0.9114949905903598,
        0.9085448236100384
    ],
    "Adjusted R^2": [
        0.8225972074703217,
        0.8551210527674293,
        0.8758180452292251,
        0.8728613320203973,
        0.8758180452292251,
        0.890601611273365,
        0.8965150376910209,
        0.8935583244821931,
        0.8965150376910209,
        0.9112986037351609,
        0.9083418905263329
    ]
}