{
    "angle": {
        "epoch": [
            1,
            2,
            3,
            4,
            5,
            6,
            7,
            8,
            9,
            10
        ],
        "Accuracy": [
            0.29309406876564026,
            0.36188146471977234,
            0.38281676173210144,
            0.3892514109611511,
            0.3967736065387726,
            0.4040239155292511,
            0.404386430978775,
            0.411274254322052,
            0.4201558828353882,
            0.4201558828353882
        ],
        "val_Accuracy": [
            0.379985511302948,
            0.3865119516849518,
            0.3846990466117859,
            0.3564176857471466,
            0.39412617683410645,
            0.36475706100463867,
            0.31943437457084656,
            0.3596809208393097,
            0.377810001373291,
            0.36838290095329285
        ],
        "loss": [
            2.0350418090820312,
            1.6482092142105103,
            1.560266137123108,
            1.5277668237686157,
            1.4919055700302124,
            1.4768427610397339,
            1.4688010215759277,
            1.4369184970855713,
            1.434849500656128,
            1.426830530166626
        ],
        "val_loss": [
            1.6064324378967285,
            1.5283005237579346,
            1.507841944694519,
            1.5633481740951538,
            1.4767624139785767,
            1.5456135272979736,
            1.677416205406189,
            1.6009836196899414,
            1.502715826034546,
            1.5568162202835083
        ],
        "precision": [
            0.3771204948425293,
            0.4615384638309479,
            0.4879712760448456,
            0.5033138394355774,
            0.5353495478630066,
            0.5400402545928955,
            0.5313008427619934,
            0.5601103901863098,
            0.5639511942863464,
            0.5674991011619568
        ],
        "val_precision": [
            0.5017361044883728,
            0.5152904987335205,
            0.5904762148857117,
            0.5012919902801514,
            0.5623835921287537,
            0.4968152940273285,
            0.4742424190044403,
            0.5038461685180664,
            0.5084986090660095,
            0.4661654233932495
        ],
        "recall": [
            0.07857531309127808,
            0.11691136658191681,
            0.12316476553678513,
            0.11700199544429779,
            0.12352728098630905,
            0.12162406742572784,
            0.1184520572423935,
            0.12878376245498657,
            0.12987130880355835,
            0.14210622012615204
        ],
        "val_recall": [
            0.10478607565164566,
            0.12218999117612839,
            0.06744017452001572,
            0.0703408271074295,
            0.10949964076280594,
            0.11312545090913773,
            0.11348803341388702,
            0.094996377825737,
            0.13016678392887115,
            0.17984046041965485
        ],
        "MeanAbsoluteError": [],
        "val_MeanAbsoluteError": [],
        "mean_squared_error": [
            0.048499513417482376,
            0.04415754973888397,
            0.04296951740980148,
            0.04254574701189995,
            0.04198157787322998,
            0.04178939759731293,
            0.04165396839380264,
            0.04109089449048042,
            0.040945351123809814,
            0.040812429040670395
        ],
        "val_mean_squared_error": [
            0.04315363988280296,
            0.04257036745548248,
            0.04218374937772751,
            0.04342365637421608,
            0.04166720435023308,
            0.0433788038790226,
            0.04519445449113846,
            0.04351283609867096,
            0.04233938828110695,
            0.04371371492743492
        ]
    },
    "angle_retrain": {
        "epoch": [
            1,
            2,
            3,
            4,
            5,
            6,
            7,
            8,
            9,
            10
        ],
        "Accuracy": [
            0.34239622950553894,
            0.38136667013168335,
            0.3985861837863922,
            0.4041145443916321,
            0.4171651303768158,
            0.43347832560539246,
            0.44381004571914673,
            0.45096972584724426,
            0.4614827036857605,
            0.4727206826210022
        ],
        "val_Accuracy": [
            0.39267584681510925,
            0.39702683687210083,
            0.4097171723842621,
            0.4097171723842621,
            0.41769397258758545,
            0.4318346679210663,
            0.43509790301322937,
            0.4361856281757355,
            0.44126179814338684,
            0.4467005133628845
        ],
        "loss": [
            1.6892001628875732,
            1.5437263250350952,
            1.4769771099090576,
            1.444141149520874,
            1.4029830694198608,
            1.3771543502807617,
            1.3555028438568115,
            1.3355001211166382,
            1.310202717781067,
            1.2897282838821411
        ],
        "val_loss": [
            1.4891315698623657,
            1.4832996129989624,
            1.452840805053711,
            1.4402557611465454,
            1.426683783531189,
            1.4183850288391113,
            1.4111433029174805,
            1.4039579629898071,
            1.4053131341934204,
            1.4059187173843384
        ],
        "precision": [
            0.43424656987190247,
            0.49823009967803955,
            0.5271139740943909,
            0.5422077775001526,
            0.5775500535964966,
            0.5819708108901978,
            0.6058617830276489,
            0.6110877990722656,
            0.6308724880218506,
            0.643460750579834
        ],
        "val_precision": [
            0.5254470705986023,
            0.5372340679168701,
            0.5645471811294556,
            0.5855669975280762,
            0.581589937210083,
            0.6058558821678162,
            0.6035634875297546,
            0.5972222089767456,
            0.5927342176437378,
            0.5887850522994995
        ],
        "recall": [
            0.08618814498186111,
            0.10204821825027466,
            0.10395142436027527,
            0.10594525933265686,
            0.11237991601228714,
            0.11935834586620331,
            0.12552112340927124,
            0.13186514377593994,
            0.13630595803260803,
            0.14491571485996246
        ],
        "val_recall": [
            0.13850615918636322,
            0.10986221581697464,
            0.10623640567064285,
            0.10297317057847977,
            0.10079768300056458,
            0.09753444790840149,
            0.09825960546731949,
            0.10913705825805664,
            0.11240029335021973,
            0.11421319842338562
        ],
        "MeanAbsoluteError": [],
        "val_MeanAbsoluteError": [],
        "mean_squared_error": [
            0.04521084204316139,
            0.04308822751045227,
            0.04190586879849434,
            0.0414259135723114,
            0.04063763469457626,
            0.04005832225084305,
            0.039667822420597076,
            0.03919287025928497,
            0.03871807083487511,
            0.0382804311811924
        ],
        "val_mean_squared_error": [
            0.041978202760219574,
            0.04173974692821503,
            0.04124782606959343,
            0.04096825048327446,
            0.040696192532777786,
            0.04056195914745331,
            0.040384698659181595,
            0.040246233344078064,
            0.04019567370414734,
            0.04013664275407791
        ]
    }
}