{
    "multi_head_small_data": {
        "epoch": [
            1,
            2,
            3,
            4,
            5,
            6,
            7,
            8,
            9,
            10,
            11
        ],
        "loss": [
            0.22011733055114746,
            0.12786152958869934,
            0.10931407660245895,
            0.09756908565759659,
            0.09126830101013184,
            0.08559670299291611,
            0.08278913050889969,
            0.07932757586240768,
            0.07399077713489532,
            0.07564106583595276,
            0.07249469310045242
        ],
        "angle_output_loss": [
            0.05112123116850853,
            0.04598405584692955,
            0.04390573874115944,
            0.04302704334259033,
            0.04232189431786537,
            0.041872505098581314,
            0.04168621450662613,
            0.04153675213456154,
            0.0416073240339756,
            0.041673749685287476,
            0.04190891981124878
        ],
        "speed_output_loss": [
            0.16899606585502625,
            0.08187748491764069,
            0.06540831923484802,
            0.054541993886232376,
            0.048946429044008255,
            0.04372420161962509,
            0.04110291227698326,
            0.03779084235429764,
            0.032383475452661514,
            0.03396731615066528,
            0.03058578446507454
        ],
        "angle_output_Accuracy": [
            0.2724382281303406,
            0.3452034890651703,
            0.37436410784721375,
            0.3947129249572754,
            0.40043604373931885,
            0.4150617718696594,
            0.41478922963142395,
            0.419513076543808,
            0.41715115308761597,
            0.41715115308761597,
            0.4114280641078949
        ],
        "angle_output_mean_squared_error": [
            0.05112123116850853,
            0.04598405584692955,
            0.04390573874115944,
            0.04302704334259033,
            0.04232189431786537,
            0.041872505098581314,
            0.04168621450662613,
            0.04153675213456154,
            0.0416073240339756,
            0.041673749685287476,
            0.04190891981124878
        ],
        "angle_output_recall": [
            0.06785973906517029,
            0.09293241053819656,
            0.12018532305955887,
            0.12572674453258514,
            0.13344840705394745,
            0.14925508201122284,
            0.14344114065170288,
            0.1458030492067337,
            0.14634810388088226,
            0.13853560388088226,
            0.12872456014156342
        ],
        "angle_output_precision": [
            0.3557142913341522,
            0.43255814909935,
            0.505540668964386,
            0.5206922292709351,
            0.5410681366920471,
            0.5613256096839905,
            0.5669658780097961,
            0.5631579160690308,
            0.5712766051292419,
            0.560661792755127,
            0.5511474013328552
        ],
        "speed_output_Accuracy": [
            0.9347746968269348,
            0.9696584343910217,
            0.9742006063461304,
            0.9784702062606812,
            0.9823764562606812,
            0.9837390780448914,
            0.9852834343910217,
            0.9862827062606812,
            0.9886445999145508,
            0.9871911406517029,
            0.9880087375640869
        ],
        "speed_output_mean_squared_error": [
            0.04906380549073219,
            0.02289664000272751,
            0.018864773213863373,
            0.015570118092000484,
            0.013764588162302971,
            0.012165802530944347,
            0.011433890089392662,
            0.010712009854614735,
            0.008960733190178871,
            0.009725417010486126,
            0.008798366412520409
        ],
        "speed_output_recall_1": [
            0.9347746968269348,
            0.9696584343910217,
            0.9742006063461304,
            0.9784702062606812,
            0.9823764562606812,
            0.9837390780448914,
            0.9852834343910217,
            0.9862827062606812,
            0.9886445999145508,
            0.9871911406517029,
            0.9880087375640869
        ],
        "speed_output_precision_1": [
            0.9347746968269348,
            0.9696584343910217,
            0.9742006063461304,
            0.9784702062606812,
            0.9823764562606812,
            0.9837390780448914,
            0.9852834343910217,
            0.9862827062606812,
            0.9886445999145508,
            0.9871911406517029,
            0.9880087375640869
        ],
        "val_loss": [
            0.12456461787223816,
            0.10291863232851028,
            0.09836477786302567,
            0.09582676738500595,
            0.09126517921686172,
            0.08994489163160324,
            0.09044978767633438,
            0.09433844685554504,
            0.09493403881788254,
            0.09332147985696793,
            0.09103740751743317
        ],
        "val_angle_output_loss": [
            0.046476252377033234,
            0.04298831522464752,
            0.042609505355358124,
            0.04234950244426727,
            0.04211070388555527,
            0.04266822710633278,
            0.04277196526527405,
            0.04170192405581474,
            0.045313816517591476,
            0.04481790214776993,
            0.04572956636548042
        ],
        "val_speed_output_loss": [
            0.07808835804462433,
            0.059930309653282166,
            0.05575528368353844,
            0.053477272391319275,
            0.04915447160601616,
            0.04727665334939957,
            0.04767781123518944,
            0.05263651907444,
            0.04962021857500076,
            0.0485035665333271,
            0.04530783370137215
        ],
        "val_angle_output_Accuracy": [
            0.3310319781303406,
            0.38372093439102173,
            0.38989827036857605,
            0.38590115308761597,
            0.39280521869659424,
            0.396075576543808,
            0.38989827036857605,
            0.41860464215278625,
            0.3633720874786377,
            0.34156978130340576,
            0.3426598906517029
        ],
        "val_angle_output_mean_squared_error": [
            0.046476252377033234,
            0.04298831522464752,
            0.042609505355358124,
            0.04234950244426727,
            0.04211070388555527,
            0.04266822710633278,
            0.04277196526527405,
            0.04170192405581474,
            0.045313816517591476,
            0.04481790214776993,
            0.04572956636548042
        ],
        "val_angle_output_recall": [
            0.10574127733707428,
            0.08902616053819656,
            0.11736918240785599,
            0.09047964960336685,
            0.09375,
            0.08866278827190399,
            0.07303778827190399,
            0.10319767147302628,
            0.151162788271904,
            0.1627907007932663,
            0.14607557654380798
        ],
        "val_angle_output_precision": [
            0.4504643976688385,
            0.5268816947937012,
            0.4923780560493469,
            0.5297872424125671,
            0.5443037748336792,
            0.5495495200157166,
            0.579250693321228,
            0.5579567551612854,
            0.4315352737903595,
            0.45760980248451233,
            0.4285714328289032
        ],
        "val_speed_output_Accuracy": [
            0.9694767594337463,
            0.979651153087616,
            0.9832848906517029,
            0.984375,
            0.9865552186965942,
            0.9858284592628479,
            0.9858284592628479,
            0.9807412624359131,
            0.9847383499145508,
            0.9854651093482971,
            0.9865552186965942
        ],