{
    "speed": {
        "epoch": [
            1,
            2,
            3,
            4,
            5,
            6,
            7,
            8,
            9,
            10,
            11,
            12,
            13,
            14,
            15,
            16
        ],
        "loss": [
            0.18859697878360748,
            0.08716946840286255,
            0.06513738632202148,
            0.05769627168774605,
            0.049045659601688385,
            0.04461260885000229,
            0.0382426492869854,
            0.03505180776119232,
            0.031241439282894135,
            0.029506683349609375,
            0.029517002403736115,
            0.02633187733590603,
            0.025324473157525063,
            0.02228323183953762,
            0.02557387202978134,
            0.019855845719575882
        ],
        "Accuracy": [
            0.9287656545639038,
            0.9661047458648682,
            0.9768896102905273,
            0.9794272184371948,
            0.9824180006980896,
            0.9835055470466614,
            0.9879463315010071,
            0.9878557324409485,
            0.9890338778495789,
            0.990030825138092,
            0.9885807633399963,
            0.9906651973724365,
            0.9907558560371399,
            0.9922965168952942,
            0.9898495674133301,
            0.9941090941429138
        ],
        "mean_squared_error": [
            0.054472051560878754,
            0.02485235035419464,
            0.01797301508486271,
            0.01570037007331848,
            0.013424485921859741,
            0.012382288463413715,
            0.01034518238157034,
            0.0094780707731843,
            0.008546160534024239,
            0.008015436120331287,
            0.008327560499310493,
            0.007307154126465321,
            0.007153019774705172,
            0.006078828126192093,
            0.007200471591204405,
            0.005269864108413458
        ],
        "recall": [
            0.9707299470901489,
            0.9848229289054871,
            0.9881955981254578,
            0.9892796874046326,
            0.9904842376708984,
            0.9913274049758911,
            0.9943386912345886,
            0.9940978288650513,
            0.9940978288650513,
            0.9948205351829529,
            0.9940978288650513,
            0.9955432415008545,
            0.9953023195266724,
            0.9956637024879456,
            0.9939773678779602,
            0.9968682527542114
        ],
        "precision": [
            0.9368751645088196,
            0.9705603122711182,
            0.9812223315238953,
            0.9834750294685364,
            0.9862077236175537,
            0.986810564994812,
            0.9896894693374634,
            0.9898056983947754,
            0.9913513660430908,
            0.9919528961181641,
            0.9907562732696533,
            0.9920777678489685,
            0.9924333691596985,
            0.9941070079803467,
            0.9925426840782166,
            0.9953097105026245
        ],
        "val_loss": [
            0.08410778641700745,
            0.06454040110111237,
            0.0602603480219841,
            0.05981038138270378,
            0.0500577911734581,
            0.05405699834227562,
            0.04954071715474129,
            0.04805207997560501,
            0.04878835007548332,
            0.04980362951755524,
            0.047488633543252945,
            0.05314953252673149,
            0.05502127856016159,
            0.05158365145325661,
            0.06339956074953079,
            0.05931160971522331
        ],
        "val_Accuracy": [
            0.9713560342788696,
            0.9789702892303467,
            0.9800580143928528,
            0.9804205894470215,
            0.9854967594146729,
            0.9829586744308472,
            0.9847715497016907,
            0.9851341843605042,
            0.9840463995933533,
            0.9840463995933533,
            0.9840463995933533,
            0.9836838245391846,
            0.984408974647522,
            0.9847715497016907,
            0.9822335243225098,
            0.9851341843605042
        ],
        "val_mean_squared_error": [
            0.022779177874326706,
            0.017341287806630135,
            0.016303202137351036,
            0.015813497826457024,
            0.012851456180214882,
            0.0136404512450099,
            0.01239000540226698,
            0.011864027939736843,
            0.01249541062861681,
            0.01227993331849575,
            0.012046797201037407,
            0.012390096671879292,
            0.012933609075844288,
            0.012303014285862446,
            0.014568240381777287,
            0.012866418808698654
        ],
        "val_recall": [
            0.9852380752563477,
            0.9895238280296326,
            0.9938095211982727,
            0.9942857027053833,
            0.9933333396911621,
            0.9900000095367432,
            0.9938095211982727,
            0.9933333396911621,
            0.9909523725509644,
            0.991428554058075,
            0.9895238280296326,
            0.9900000095367432,
            0.9942857027053833,
            0.9938095211982727,
            0.9961904883384705,
            0.9938095211982727
        ],
        "val_precision": [
            0.9773263931274414,
            0.982970654964447,
            0.9802724123001099,
            0.9802817106246948,
            0.9876893758773804,
            0.9876484274864197,
            0.9862949252128601,
            0.9872219562530518,
            0.9881291389465332,
            0.9876660108566284,
            0.9895238280296326,
            0.9885877370834351,
            0.9853704571723938,
            0.9862949252128601,
            0.9807782173156738,
            0.986761212348938
        ]
    }
}