{"Coffee (F)": {"very_strong": [], "strong": [[0.5755593969789782, "nonan-2-ol [Waxy]"], [0.6705558990138013, "2-Furanmethanol [Bready]"]], "medium": [[0.21021384241472918, "acetic acid [Acidic]"], [0.20639605667399774, "decan-2-one [Floral]"], [0.29925411851609374, "methyl 2-hydroxy-3-methyl pentanoate [Fruity]"], [0.237188489957372, "Myrcenol [Floral]"], [0.2601529364074788, "Verbenol [Balsamic]"], [0.20298637048455007, "2-methyl benzofuran [Burnt]"], [0.2055829617477567, "Methyl eugenol [Spicy]"], [0.24319213145405022, "b-methyl ionone [Orris]"], [0.2395102689776211, "b-irone [Floral]"], [0.2628098733928505, "octanoic acid [Fatty]"], [0.26507542659411254, "Methyl (E)-cinnamate [Balsamic]"], [0.24487005196540415, "Methyl cinnamate [Balsamic]"]]}, "Nutty (F)": {"very_strong": [], "strong": [], "medium": [[0.3162490533383075, "propyl butanoate [Fruity]"], [0.4148953514961186, "benzaldehyde [Fruity]"]]}, "Mixed Fruit (F)": {"very_strong": [], "strong": [], "medium": [[0.27943989352760334, "methyl hexyl ether [Herbal]"], [0.2794474756849752, "Lactic acid [Odourless]"], [0.24616764148575312, "ethyl 3-cyclohexylpropanoate [Fruity]"], [0.24599027457755868, "Diethyl succinate [Fruity]"]]}, "Cacao (F)": {"very_strong": [], "strong": [], "medium": [[0.2830172183104458, "nonan-2-ol [Waxy]"]]}, "Herbal (F)": {"very_strong": [], "strong": [], "medium": [[0.20112655815090347, "(S)-(-)-citronellal [Citrus]"], [0.22442733262931625, "(-)-Menthone [Minty]"], [0.22450818164390238, "t-Menthone [Minty]"], [0.23432343452162832, "Isomenthone [Minty]"], [0.22434549099742634, "(+)-isomenthone [Minty]"]]}, "Herbaceous (F)": {"very_strong": [], "strong": [], "medium": []}, "Stone Fruit (F)": {"very_strong": [], "strong": [], "medium": [[0.23503450977571522, "4-methyl-2-propan-2-yl-1,3-thiazole [Fruity]"]]}, "Rhubarb (F)": {"very_strong": [], "strong": [], "medium": [[0.2527296351281521, "propane-1,2-diol [Odourless]"], [0.48551840140686453, "1-phenylethyl acetate [Green]"], [0.34169703189461953, "1-phenylethanol [Chemical]"]]}, "Sweet (F)": {"very_strong": [], "strong": [], "medium": [[0.20802459853792568, "isoamyl isobutyrate [Fruity]"], [0.20625770125368295, "pentadecane [Waxy]"], [0.2308894603159464, "hexyl acetate [Fruity]"], [0.21186598423040295, "cis-Linalool Oxide [Earthy]"], [0.21218824512043702, "Terpinyl formate [Floral]"], [0.2121881598183228, "a-Terpineol [Terpenic]"], [0.24004415754338393, "propane-1,2-diol [Odourless]"], [0.23936822215474585, "nonan-1-ol [Floral]"]]}, "Tropical Fruit (F)": {"very_strong": [], "strong": [], "medium": [[0.2840450838359882, "2,4-dimethyl-3-pentanone [Acetone]"], [0.25566285001737693, "Isobutyl acetate [Fruity]"], [0.3142625930423492, "2-methylbut-3-en-2-ol [Herbal]"], [0.3142501744111402, "ethyl butanoate [Fruity]"], [0.3167723840123124, "Isopropyl butyrate [Fruity]"], [0.25386416321791566, "pentan-2-yl acetate [Herbal]"], [0.28104513553645094, "butyl acetate [Ethereal]"], [0.36388331325492873, "hex-2-enal [Green]"], [0.3624576996770775, "2-Hexenal, (E)- [Green]"], [0.39334716234355865, "ethyl hexanoate [Fruity]"], [0.21285597227700412, "cyclohexanone [Minty]"], [0.3360220769747909, "trans-3-Hexenyl acetate [Fruity]"], [0.336014467140203, "cis-3-Hexenyl acetate [Green]"], [0.2992308117957182, "2,6-dimethylhept-5-enal [Melon]"], [0.2677169243634993, "Allyl hexanoate [Fruity]"], [0.2608055932915816, "1-octen-3-yl acetate [Herbal]"], [0.2739184438314735, "hept-3-en-2-one [Green]"], [0.200200742750187, "hexyl butanoate [Green]"], [0.37324607061444964, "Butanoic acid, 3-hexenyl ester, (Z)- [Green]"], [0.24904211440897112, "(Z)-non-6-enal [Melon]"], [0.3779999489618919, "Sabinene hydrate [Herbal]"], [0.382092228514873, "Ethyl acetoacetate [Fruity]"], [0.31942806879604635, "Allyl heptanoate [Fruity]"], [0.2054476678412016, "cis-3-Hexenyl 2-methylbutanoate [Green]"]]}, "Black Fruit (F)": {"very_strong": [], "strong": [], "medium": []}, "Aged (F)": {"very_strong": [], "strong": [], "medium": [[0.32627506746954316, "Nerol oxide [Green]"], [0.4127565487538974, "Furfural [Bready]"], [0.24405497344620122, "Linalool [Floral]"], [0.2322700830421002, "B-Bourbonene [Herbal]"], [0.2503512672445517, "octyl formate [Fruity]"], [0.22305273239415635, "ethyl 2-phenylacetate [Floral]"], [0.23105248187092609, "Camphor [Camphoreous]"], [0.2310565741265815, "d-Camphor [Camphoreous]"], [0.23108426300012577, "Camphor2 [Camphoreous]"], [0.38069350809659075, "5-methyl furfural [Caramellic]"]]}, "Green Fruit (F)": {"very_strong": [], "strong": [], "medium": [[0.2259886984571479, "hexan-1-ol [Herbal]"], [0.21742022697902083, "ethyl hex-2-enoate [Fruity]"], [0.20753579011956794, "3-methylcyclohexan-1-one [Camphoreous]"]]}, "Floral (F)": {"very_strong": [], "strong": [], "medium": [[0.2564780558036619, "a-Ionone [Floral]"], [0.23756688820134397, "a-isomethyl ionone [Floral]"]]}, "Spice (F)": {"very_strong": [], "strong": [], "medium": []}, "Citrus Fruit (F)": {"very_strong": [], "strong": [], "medium": [[0.20418711343296925, "Octanal [Aldehydic]"], [0.21822254184768455, "decanal [Aldehydic]"]]}, "Red Fruit (F)": {"very_strong": [], "strong": [], "medium": [[0.21695225543122404, "2-methylbut-3-en-2-ol [Herbal]"], [0.21704386738418988, "ethyl butanoate [Fruity]"], [0.22748182392011593, "Isopropyl butyrate [Fruity]"], [0.22426842953012663, "ethyl 2-methylbutanoate [Fruity]"]]}, "Misc. (F)": {"very_strong": [], "strong": [], "medium": []}, "LD (F)": {"very_strong": [], "strong": [], "medium": []}}