{
    "speed": {
        "epoch": [
            1,
            2,
            3,
            4,
            5,
            6,
            7,
            8,
            9,
            10,
            11,
            12,
            13,
            14,
            15,
            16,
            17,
            18
        ],
        "loss": [
            0.3182634115219116,
            0.16574451327323914,
            0.1272941380739212,
            0.11198354512453079,
            0.09277327358722687,
            0.08301874995231628,
            0.08173094689846039,
            0.06869436055421829,
            0.06977482885122299,
            0.059364914894104004,
            0.056727468967437744,
            0.05653611943125725,
            0.042772844433784485,
            0.04393323138356209,
            0.04204206168651581,
            0.034617505967617035,
            0.03962496668100357,
            0.032685548067092896
        ],
        "accuracy": [
            0.8796091675758362,
            0.93381267786026,
            0.9524336457252502,
            0.9548304080963135,
            0.9655236005783081,
            0.9705014824867249,
            0.969763994216919,
            0.9725294709205627,
            0.9740044474601746,
            0.9776917695999146,
            0.9793510437011719,
            0.9782448410987854,
            0.9839601516723633,
            0.9845132827758789,
            0.9846976399421692,
            0.9876474738121033,
            0.9867256879806519,
            0.9876474738121033
        ],
        "val_loss": [
            0.16293102502822876,
            0.14202485978603363,
            0.12592759728431702,
            0.11197240650653839,
            0.10489685833454132,
            0.09812694042921066,
            0.09567633271217346,
            0.12852931022644043,
            0.11467655003070831,
            0.11926215887069702,
            0.1257990002632141,
            0.08896240592002869,
            0.07948262989521027,
            0.08656960725784302,
            0.0847644954919815,
            0.09789258241653442,
            0.09324794262647629,
            0.0853685513138771
        ],
        "val_accuracy": [
            0.9351032376289368,
            0.9410029649734497,
            0.9469026327133179,
            0.9520648717880249,
            0.9579645991325378,
            0.9587020874023438,
            0.9609144330024719,
            0.9535398483276367,
            0.9557521939277649,
            0.9601770043373108,
            0.9557521939277649,
            0.9675516486167908,
            0.9741888046264648,
            0.971238911151886,
            0.9727138876914978,
            0.9682890772819519,
            0.9668141603469849,
            0.9719763994216919
        ],
        "precision": [
            0.9357188611965731,
            0.9422188301726483,
            0.9481384828614783,
            0.9521181942377808,
            0.9586037172148707,
            0.9591139394533489,
            0.9610010285467279,
            0.9557602779194263,
            0.9577071224441898,
            0.9611860226194956,
            0.9584182356018772,
            0.9680339179646394,
            0.9742420880430904,
            0.9714178937695764,
            0.97284286917558,
            0.9687289504014666,
            0.9675687678697731,
            0.9722461222256477
        ],
        "recall": [
            0.9351032448377581,
            0.9410029498525073,
            0.9469026548672567,
            0.9520648967551623,
            0.9579646017699115,
            0.9587020648967551,
            0.9609144542772862,
            0.9535398230088495,
            0.9557522123893806,
            0.9601769911504425,
            0.9557522123893806,
            0.967551622418879,
            0.974188790560472,
            0.9712389380530974,
            0.9727138643067846,
            0.9682890855457227,
            0.9668141592920354,
            0.971976401179941
        ],
        "f1_score": [
            0.9350665068796709,
            0.940945117041112,
            0.9468506053370006,
            0.9520661741993706,
            0.9579583145730198,
            0.9586993696489103,
            0.9609154108439013,
            0.9535006099638451,
            0.9557204320348518,
            0.9601450741131531,
            0.9556694277934519,
            0.9675376360492319,
            0.9741894784150457,
            0.9712391413960508,
            0.9727143540165013,
            0.9682764012558742,
            0.9668078237980945,
            0.9719759134769141
        ],
        "auroc": [
            0.935103178024292,
            0.9410029649734497,
            0.9469026327133179,
            0.9520648717880249,
            0.9579645991325378,
            0.9587020874023438,
            0.9609143733978271,
            0.9535398483276367,
            0.9557521939277649,
            0.960176944732666,
            0.9557521939277649,
            0.9675516486167908,
            0.9741888046264648,
            0.9712388515472412,
            0.9727139472961426,
            0.9682890772819519,
            0.9668141603469849,
            0.9719763994216919
        ],
        "Mean Absolute Error": [
            0.06489675516224189,
            0.058997050147492625,
            0.05309734513274336,
            0.04793510324483776,
            0.0420353982300885,
            0.04129793510324484,
            0.03908554572271387,
            0.046460176991150445,
            0.04424778761061947,
            0.03982300884955752,
            0.04424778761061947,
            0.032448377581120944,
            0.025811209439528023,
            0.028761061946902654,
            0.02728613569321534,
            0.03171091445427729,
            0.033185840707964605,
            0.028023598820058997
        ],
        "Mean Squared Error": [
            0.06489675516224189,
            0.058997050147492625,
            0.05309734513274336,
            0.04793510324483776,
            0.0420353982300885,
            0.04129793510324484,
            0.03908554572271387,
            0.046460176991150445,
            0.04424778761061947,
            0.03982300884955752,
            0.04424778761061947,
            0.032448377581120944,
            0.025811209439528023,
            0.028761061946902654,
            0.02728613569321534,
            0.03171091445427729,
            0.033185840707964605,
            0.028023598820058997
        ],
        "Root Mean Squared Error": [
            0.2547484154263612,
            0.24289308377863011,
            0.23042861179277058,
            0.21894086700485535,
            0.20502535996819637,
            0.2032189339191721,
            0.19770064674328677,
            0.21554622935962123,
            0.21035158095583562,
            0.1995570315713218,
            0.21035158095583562,
            0.18013433204450768,
            0.160658673713958,
            0.16959086634280354,
            0.16518515578954224,
            0.1780755863510697,
            0.1821698128339726,
            0.1674025054175086
        ],
        "R^2": [
            0.7403853057317219,
            0.7639866415742926,
            0.7875879774168634,
            0.8082391462791128,
            0.8318404821216835,
            0.8347906491020048,
            0.8436411500429689,
            0.8141394802397555,
            0.8229899811807195,
            0.8406909830626476,
            0.8229899811807195,
            0.870192652865861,
            0.896744155688753,
            0.8849434877674677,
            0.8908438217281104,
            0.8731428198461824,
            0.8672424858855396,
            0.887893654747789
        ],