{
    "speed": {
        "epoch": [
            1,
            2,
            3,
            4,
            5,
            6,
            7,
            8,
            9,
            10,
            11,
            12
        ],
        "loss": [
            0.21736952662467957,
            0.11165031790733337,
            0.07899845391511917,
            0.06918290257453918,
            0.05605536326766014,
            0.05040977895259857,
            0.05057802423834801,
            0.03881153464317322,
            0.03466641902923584,
            0.029998041689395905,
            0.02769032120704651,
            0.020545916631817818
        ],
        "accuracy": [
            0.903761088848114,
            0.9548304080963135,
            0.969763994216919,
            0.9758480787277222,
            0.9789823293685913,
            0.9804572463035583,
            0.9797197580337524,
            0.9848819971084595,
            0.9891223907470703,
            0.9909660816192627,
            0.991150438785553,
            0.9933628439903259
        ],
        "val_loss": [
            0.1328974962234497,
            0.10977964103221893,
            0.10110994428396225,
            0.09953724592924118,
            0.09252963215112686,
            0.09751436114311218,
            0.08220000565052032,
            0.09500984847545624,
            0.08406534790992737,
            0.10685358941555023,
            0.08256339281797409,
            0.09599006175994873
        ],
        "val_accuracy": [
            0.9417403936386108,
            0.9572271108627319,
            0.9572271108627319,
            0.9587020874023438,
            0.9623894095420837,
            0.9601770043373108,
            0.9690265655517578,
            0.9623894095420837,
            0.9705014824867249,
            0.9601770043373108,
            0.9727138876914978,
            0.966076672077179
        ],
        "precision": [
            0.9417464014654371,
            0.9574131507951551,
            0.9573781932907929,
            0.9588533120688845,
            0.9629349704646201,
            0.961356720051699,
            0.9692331573985551,
            0.9635053307725717,
            0.9705410173743112,
            0.9606490326120186,
            0.9727153082743732,
            0.9663282805412494
        ],
        "recall": [
            0.9417404129793511,
            0.9572271386430679,
            0.9572271386430679,
            0.9587020648967551,
            0.9623893805309734,
            0.9601769911504425,
            0.9690265486725663,
            0.9623893805309734,
            0.9705014749262537,
            0.9601769911504425,
            0.9727138643067846,
            0.9660766961651918
        ],
        "f1_score": [
            0.9417387968114995,
            0.957218016010022,
            0.9572276969346909,
            0.958702603936943,
            0.9623851462411093,
            0.9601622606300056,
            0.9690265486725663,
            0.9623765529748942,
            0.9705022450087935,
            0.960159826060421,
            0.9727140572395221,
            0.9660678361875655
        ],
        "auroc": [
            0.9417403340339661,
            0.9572271108627319,
            0.9572271108627319,
            0.9587020874023438,
            0.9623894095420837,
            0.960176944732666,
            0.9690265655517578,
            0.9623894095420837,
            0.9705014228820801,
            0.960176944732666,
            0.9727139472961426,
            0.966076672077179
        ],
        "Mean Absolute Error": [
            0.05825958702064897,
            0.04277286135693215,
            0.04277286135693215,
            0.04129793510324484,
            0.03761061946902655,
            0.03982300884955752,
            0.030973451327433628,
            0.03761061946902655,
            0.029498525073746312,
            0.03982300884955752,
            0.02728613569321534,
            0.03392330383480826
        ],
        "Mean Squared Error": [
            0.05825958702064897,
            0.04277286135693215,
            0.04277286135693215,
            0.04129793510324484,
            0.03761061946902655,
            0.03982300884955752,
            0.030973451327433628,
            0.03761061946902655,
            0.029498525073746312,
            0.03982300884955752,
            0.02728613569321534,
            0.03392330383480826
        ],
        "Root Mean Squared Error": [
            0.24137022811574954,
            0.20681600846388112,
            0.20681600846388112,
            0.2032189339191721,
            0.19393457522841706,
            0.1995570315713218,
            0.17599275930399416,
            0.19393457522841706,
            0.17175134664318156,
            0.1995570315713218,
            0.16518515578954224,
            0.184182800051493
        ],
        "R^2": [
            0.766936808554614,
            0.8288903151413621,
            0.8288903151413621,
            0.8347906491020048,
            0.8495414840036115,
            0.8406909830626476,
            0.8760929868265036,
            0.8495414840036115,
            0.8819933207871463,
            0.8406909830626476,
            0.8908438217281104,
            0.8642923189052183
        ],
        "Adjusted R^2": [
            0.7664196565025903,
            0.8285106338879775,
            0.8285106338879775,
            0.8344240603056335,
            0.8492076263497734,
            0.8403374867232896,
            0.8758180452292251,
            0.8492076263497734,
            0.8817314716468811,
            0.8403374867232896,
            0.890601611273365,
            0.8639911923939133
        ]
    },
    "angle": {
        "epoch": [
            1,
            2,
            3,
            4,
            5,
            6,
            7,
            8,
            9,
            10,
            11
        ],
        "loss": [
            2.8873045444488525,
            2.2376513481140137,
            2.0418009757995605,
            1.8742291927337646,
            1.7952884435653687,
            1.6666290760040283,
            1.5536872148513794,
            1.4870812892913818,
            1.451917290687561,
            1.345358967781067,
            1.3180010318756104
        ],
        "accuracy": [
            0.15389446914196014,
            0.2638190984725952,
            0.295226126909256,
            0.3486180901527405,
            0.3536432087421417,
            0.38002511858940125,
            0.4422110617160797,
            0.47110551595687866,
            0.47675880789756775,
            0.5326633453369141,
            0.5307788848876953
        ],
        "val_loss": [
            2.6204464435577393,
            2.232942581176758,
            2.1288111209869385,
            2.044386625289917,
            1.9568408727645874,
            1.941415786743164,
            1.957276463508606,
            1.9493541717529297,
            1.9677486419677734,
            1.9551540613174438,
            2.011605978012085
        ],
        "val_accuracy": [
            0.10327456146478653,
            0.22418135404586792,
            0.249370276927948,
            0.2795969843864441,
            0.30226701498031616,
            0.29471033811569214,
            0.32241812348365784,
            0.2770780920982361,
            0.2770780920982361,
            0.2846347689628601,
            0.30478590726852417
        ],
        "precision": [
            0.16394014611238547,
            0.2397550199720938,
            0.28866151596750084,
            0.27200520014706314,
            0.29732955962311497,
            0.340344334545626,
            0.36888442769391994,
            0.2967294046739109,
            0.31881277636554944,
            0.3153411089058207,
            0.38094665016828766
        ],