{
    "speed": {
        "epoch": [
            1,
            2,
            3,
            4,
            5,
            6,
            7,
            8,
            9,
            10,
            11,
            12,
            13
        ],
        "loss": [
            0.23970438539981842,
            0.11208925396203995,
            0.07895198464393616,
            0.06346834450960159,
            0.05457253009080887,
            0.049359556287527084,
            0.05036957934498787,
            0.03813215717673302,
            0.03295318782329559,
            0.033517833799123764,
            0.027835663408041,
            0.023250771686434746,
            0.024698952212929726
        ],
        "accuracy": [
            0.9008111953735352,
            0.9548304080963135,
            0.9719763994216919,
            0.9767699241638184,
            0.9808259606361389,
            0.9819321632385254,
            0.9828540086746216,
            0.9848819971084595,
            0.9896755218505859,
            0.9882006049156189,
            0.9891223907470703,
            0.9918879270553589,
            0.9920722842216492
        ],
        "val_loss": [
            0.12014367431402206,
            0.11430294811725616,
            0.09494387358427048,
            0.0937490314245224,
            0.08570155501365662,
            0.09019661694765091,
            0.08999389410018921,
            0.07567976415157318,
            0.08948303014039993,
            0.09272027015686035,
            0.0913778692483902,
            0.1164182499051094,
            0.09768170118331909
        ],
        "val_accuracy": [
            0.9572271108627319,
            0.9572271108627319,
            0.9675516486167908,
            0.9668141603469849,
            0.971238911151886,
            0.9719763994216919,
            0.9727138876914978,
            0.9756637215614319,
            0.976401150226593,
            0.9727138876914978,
            0.9756637215614319,
            0.9719763994216919,
            0.9741888046264648
        ],
        "precision": [
            0.9574922385400758,
            0.9583589535684469,
            0.9678727101877465,
            0.9669793548603894,
            0.9713259166053185,
            0.9722461222256477,
            0.972893070310979,
            0.9757508686304286,
            0.9764191995980231,
            0.9727934650199762,
            0.9757170142967778,
            0.9727715363461309,
            0.9741968971606078
        ],
        "recall": [
            0.9572271386430679,
            0.9572271386430679,
            0.967551622418879,
            0.9668141592920354,
            0.9712389380530974,
            0.971976401179941,
            0.9727138643067846,
            0.9756637168141593,
            0.976401179941003,
            0.9727138643067846,
            0.9756637168141593,
            0.971976401179941,
            0.974188790560472
        ],
        "f1_score": [
            0.9572263942542373,
            0.9571891272657153,
            0.9675414520192263,
            0.9668078218678099,
            0.9712396419417386,
            0.9719759134769141,
            0.9727140572218944,
            0.9756643124122406,
            0.9764016933394148,
            0.9727107916223219,
            0.9756643653627574,
            0.9719584609216179,
            0.9741880745367402
        ],
        "auroc": [
            0.9572271108627319,
            0.9572271108627319,
            0.9675516486167908,
            0.9668141603469849,
            0.9712388515472412,
            0.9719763994216919,
            0.9727139472961426,
            0.9756636619567871,
            0.9764012098312378,
            0.9727139472961426,
            0.9756636619567871,
            0.9719763994216919,
            0.9741888046264648
        ],
        "Mean Absolute Error": [
            0.04277286135693215,
            0.04277286135693215,
            0.032448377581120944,
            0.033185840707964605,
            0.028761061946902654,
            0.028023598820058997,
            0.02728613569321534,
            0.024336283185840708,
            0.02359882005899705,
            0.02728613569321534,
            0.024336283185840708,
            0.028023598820058997,
            0.025811209439528023
        ],
        "Mean Squared Error": [
            0.04277286135693215,
            0.04277286135693215,
            0.032448377581120944,
            0.033185840707964605,
            0.028761061946902654,
            0.028023598820058997,
            0.02728613569321534,
            0.024336283185840708,
            0.02359882005899705,
            0.02728613569321534,
            0.024336283185840708,
            0.028023598820058997,
            0.025811209439528023
        ],
        "Root Mean Squared Error": [
            0.20681600846388112,
            0.20681600846388112,
            0.18013433204450768,
            0.1821698128339726,
            0.16959086634280354,
            0.1674025054175086,
            0.16518515578954224,
            0.1560009076442849,
            0.1536190745285137,
            0.16518515578954224,
            0.1560009076442849,
            0.1674025054175086,
            0.160658673713958
        ],
        "R^2": [
            0.8288903151413621,
            0.8288903151413621,
            0.870192652865861,
            0.8672424858855396,
            0.8849434877674677,
            0.887893654747789,
            0.8908438217281104,
            0.9026444896493957,
            0.905594656629717,
            0.8908438217281104,
            0.9026444896493957,
            0.887893654747789,
            0.896744155688753
        ],
        "Adjusted R^2": [
            0.8285106338879775,
            0.8285106338879775,
            0.8699046188115693,
            0.8669479056027413,
            0.8846881848557091,
            0.8876448980645371,
            0.890601611273365,
            0.9024284641086769,
            0.9053851773175049,
            0.890601611273365,
            0.9024284641086769,
            0.8876448980645371,
            0.8965150376910209
        ]
    },
    "angle": {
        "epoch": [
            1,
            2,
            3,
            4,
            5,
            6,
            7,
            8,
            9,
            10,
            11,
            12,
            13
        ],
        "loss": [
            2.8330323696136475,
            2.2737860679626465,
            2.028362989425659,
            1.8836402893066406,
            1.7488220930099487,
            1.6664841175079346,
            1.6031849384307861,
            1.541993260383606,
            1.4854673147201538,
            1.4168405532836914,
            1.3722748756408691,
            1.33659827709198,
            1.2963225841522217
        ],
        "accuracy": [
            0.14635679125785828,
            0.22864320874214172,
            0.2964824140071869,
            0.3285175859928131,
            0.3863065242767334,
            0.40263819694519043,
            0.4296482503414154,
            0.44283920526504517,
            0.4660803973674774,
            0.5,
            0.5056532621383667,
            0.5150753855705261,
            0.5351758599281311
        ],
        "val_loss": [
            3.020829200744629,
            2.3547849655151367,
            2.144669532775879,
            2.079279661178589,
            2.011577844619751,
            2.008390188217163,
            1.9629520177841187,
            1.9194151163101196,
            1.9802405834197998,
            1.9669461250305176,
            1.9973129034042358,
            2.061840534210205,
            2.0109713077545166
        ],