{
    "speed": {
        "epoch": [
            1,
            2,
            3,
            4,
            5,
            6,
            7,
            8,
            9,
            10,
            11,
            12,
            13,
            14
        ],
        "loss": [
            0.9095767736434937,
            0.6875701546669006,
            0.6830454468727112,
            0.6736246347427368,
            0.6663080453872681,
            0.6570849418640137,
            0.6378011107444763,
            0.6175589561462402,
            0.6060197353363037,
            0.6402519941329956,
            0.6507019400596619,
            0.634997546672821,
            0.6447405815124512,
            0.6141118407249451
        ],
        "accuracy": [
            0.5095870494842529,
            0.5483038425445557,
            0.5641592741012573,
            0.5831489562988281,
            0.5995575189590454,
            0.6130162477493286,
            0.6434365510940552,
            0.6718289256095886,
            0.6782817244529724,
            0.5940265655517578,
            0.625,
            0.6532079577445984,
            0.6202064752578735,
            0.6827064752578735
        ],
        "val_loss": [
            0.6841220259666443,
            0.6860397458076477,
            0.6820963025093079,
            0.6648982167243958,
            0.6610865592956543,
            0.6506981253623962,
            0.6198928356170654,
            0.6070205569267273,
            0.6048969626426697,
            0.6601254343986511,
            0.6357704401016235,
            0.6202921271324158,
            0.609680712223053,
            0.6263473033905029
        ],
        "val_accuracy": [
            0.5884955525398254,
            0.5626843571662903,
            0.5317109227180481,
            0.6364306807518005,
            0.6231563687324524,
            0.6216813921928406,
            0.6725663542747498,
            0.6939527988433838,
            0.6946902871131897,
            0.7418879270553589,
            0.6902654767036438,
            0.755162239074707,
            0.755162239074707,
            0.5737463235855103
        ],
        "precision": [
            0.590037255406509,
            0.6496327467947347,
            0.6489479306510681,
            0.6384354376920622,
            0.6848970955399147,
            0.6836495286403451,
            0.6727552127024743,
            0.7199315366833998,
            0.7252634166929381,
            0.744458935397213,
            0.7073481155069757,
            0.7561074334761713,
            0.7559319010877249,
            0.638435250135681
        ],
        "recall": [
            0.588495575221239,
            0.5626843657817109,
            0.5317109144542773,
            0.6364306784660767,
            0.6231563421828908,
            0.6216814159292036,
            0.672566371681416,
            0.693952802359882,
            0.6946902654867256,
            0.7418879056047197,
            0.6902654867256637,
            0.7551622418879056,
            0.7551622418879056,
            0.5737463126843658
        ],
        "f1_score": [
            0.5856264018435356,
            0.48346406943520664,
            0.410232163285769,
            0.6355774493138082,
            0.5911502614539003,
            0.5891822309811481,
            0.6723310644136783,
            0.6855465868466656,
            0.6849280827190926,
            0.7414054299681488,
            0.6845360081865358,
            0.7550407660449985,
            0.7550716764659609,
            0.5214682629270129
        ],
        "auroc": [
            0.5884955525398254,
            0.5626843571662903,
            0.5317108631134033,
            0.6364306807518005,
            0.6231563091278076,
            0.6216814517974854,
            0.6725664138793945,
            0.6939527988433838,
            0.6946902275085449,
            0.7418879866600037,
            0.690265417098999,
            0.755162239074707,
            0.755162239074707,
            0.5737463235855103
        ],
        "Mean Absolute Error": [
            0.41150442477876104,
            0.43731563421828906,
            0.46828908554572274,
            0.3635693215339233,
            0.37684365781710916,
            0.37831858407079644,
            0.3274336283185841,
            0.306047197640118,
            0.3053097345132743,
            0.2581120943952802,
            0.30973451327433627,
            0.2448377581120944,
            0.2448377581120944,
            0.42625368731563423
        ],
        "Mean Squared Error": [
            0.41150442477876104,
            0.43731563421828906,
            0.46828908554572274,
            0.3635693215339233,
            0.37684365781710916,
            0.37831858407079644,
            0.3274336283185841,
            0.306047197640118,
            0.3053097345132743,
            0.2581120943952802,
            0.30973451327433627,
            0.2448377581120944,
            0.2448377581120944,
            0.42625368731563423
        ],
        "Root Mean Squared Error": [
            0.6414861064580908,
            0.6612984456493823,
            0.6843165097714089,
            0.6029670982184047,
            0.6138759303125585,
            0.6150760799045891,
            0.5722181649673349,
            0.5532153266496853,
            0.552548400154479,
            0.5080473347979302,
            0.5565379710984114,
            0.49481083063337894,
            0.49481083063337894,
            0.6528810667461833
        ],
        "R^2": [
            -0.6461931750193088,
            -0.7494490193305556,
            -0.8733560325040521,
            -0.4544323212984216,
            -0.5075353269442058,
            -0.5134356609048483,
            -0.3098741392626758,
            -0.22431929683335694,
            -0.22136912985303558,
            -0.03255844311246969,
            -0.2390701317349635,
            0.020544562533314492,
            0.020544562533314492,
            -0.7051965146257355
        ],
        "Adjusted R^2": [
            -0.6498459705260085,
            -0.7533309328349873,
            -0.8775128876057623,
            -0.4576596119521903,
            -0.5108804497110937,
            -0.5167938761287496,
            -0.3127806647196196,
            -0.2270359816636085,
            -0.22407926845478054,
            -0.03484962308979034,
            -0.24181954770774827,
            0.01837121466911318,
            0.01837121466911318,
            -0.708980234702568
        ]
    },
    "angle": {
        "epoch": [
            1,
            2,
            3,
            4,
            5,
            6,
            7,
            8,
            9
        ],
        "loss": [
            3.1497676372528076,
            2.889077663421631,
            2.7093095779418945,
            2.6128904819488525,
            2.5328474044799805,
            2.442481517791748,
            2.407442331314087,
            2.4198005199432373,
            2.3579061031341553
        ],
        "accuracy": [
            0.08668341487646103,
            0.12374372035264969,
            0.1488693505525589,
            0.16206030547618866,
            0.15829145908355713,
            0.1658291518688202,
            0.16645728051662445,
            0.1727386862039566,
            0.1658291518688202
        ],
        "val_loss": [
            3.9933807849884033,
            3.4975008964538574,
            2.588212013244629,
            2.5183751583099365,
            2.575126886367798,
            2.5265517234802246,
            2.557138681411743,
            2.865088939666748,
            4.103683948516846
        ],